DMD_expr,UTRN_expr,COL1A1_expr,TGFB1_expr,PAX7_expr,MYH7_expr,MSTN_expr,FOXO3_expr,TTN_expr,CAPN3_expr,DYSF_expr,DMPK_expr,SGCA_expr,IL6_expr,TNF_expr,Regen_score,FAP_score,Fibrosis_score,Inflammation_score,Muscle_score,label
0.0,0.1924470158853747,7.914890925594296,6.30356991846177,0.12034742309634812,0.31155835683291244,4.118667678870369,3.94163965334068,0.38486860246312793,1.1148687647422522,0.8133591619325222,1.1045537695665493,0.13971313338906408,9.640783793148893,6.8156237572877405,29.93131339900309,4.932718581456197,6.257091584715007,7.7540006726915065,1.6153717364827271,DMD
0.0,0.3285361990389475,6.97066358966602,7.070713403947893,0.292229642059851,0.39998312465774594,4.753674590795923,3.889885964878892,0.16299439440020155,0.9933134247067688,0.8355253778563148,1.260160610699917,0.12431728891959888,8.670040431292808,5.163518698029791,30.894818122788088,3.5647045610787904,9.376191495551458,8.948183193389696,1.3486595844527134,DMD
0.12637461303484543,0.2930592691750219,8.10301231049028,8.026269620476535,0.48679174206299497,0.44788772988913045,6.876414000891148,4.041555289068746,0.21292308429315432,0.7967189765384033,1.2055277118207033,1.0351167439337141,0.02128348242702733,8.13385556264053,5.768344668911356,25.76364191775461,6.996614696360801,8.04535459504534,8.663228285999397,1.4814318028262128,DMD
0.026546703969656676,0.32236038431632086,9.150351324308208,5.7838659316832715,0.22345905392346826,0.444929490091914,6.717071204095894,5.060641854000589,0.25757637560290053,1.1131241140256707,1.1884002772899536,0.4940170972542639,0.0,9.657968096647341,4.8173451945659105,27.027770110381987,7.88391310194349,6.356287744766605,8.041957123578584,1.5703617263007998,DMD
0.17662055912578267,0.23127076750105216,10.376181698114136,8.046255517295688,0.14050803066115589,0.38791711032689696,6.70717313056744,5.037635459600952,0.2239665820796561,0.850753242238617,0.7935532186863733,1.1898605434556457,0.08432424029807083,7.867863052888997,7.405741314119202,26.33970614115823,5.998678675795387,10.122315942650518,7.687832335446052,1.4290713580122476,DMD
0.07585076031018481,0.32601964129763494,9.265653437658008,8.333874691833959,0.264606160609664,0.44860932963002675,7.104530686213715,4.831489468655009,0.09893889595308505,1.4169494832511287,0.9405691566632218,0.8817231466598694,0.0,8.558480623764984,7.215885575732967,17.34866957194012,9.293229573733058,7.1779833308426255,11.669988261297476,1.300723582768196,DMD
0.02388840006813241,0.20377461533201954,10.108496259719255,6.922197518579632,0.1347577261611053,0.3777650510912597,4.274558830733518,5.6563660735613945,0.3603259744940772,1.1416519582087723,1.1594745790649812,1.2175150542268711,0.2196795620072863,9.996325034031521,7.637521097295885,29.56465157321181,6.949613880436056,9.280884424733081,5.941388244665191,1.3715421534789307,DMD
0.0,0.34415726253042084,6.937611181671218,9.222275083566917,0.23511733495448628,0.42365054841717875,4.645504319159328,6.090305339017614,0.38952707099269945,1.1910395749829736,1.1975872521730722,1.0423994190987338,0.0632731853604245,9.255967414957489,4.816179779917,22.890336619149878,5.400650595909931,6.838966977430113,8.49516989243502,1.6768876816771623,DMD
0.053054821732128374,0.31874410934682124,4.888323380524055,6.922528465115082,0.1386783554208311,0.2275034340434005,6.749473284767192,4.096467307169424,0.145578723488533,0.4782326885726209,0.9264692049059576,0.7280406130715951,0.10554420500827506,6.4306717228749335,7.151586256046364,24.269336908251166,11.426073102824061,8.82040966774777,4.64856129752843,1.0572889045640521,DMD
0.05331248053954,0.1977167256768084,3.1021920901108437,9.591796786442302,0.2648201615214867,0.35730745608409487,5.240846193161356,5.449060609560426,0.13660757082012065,1.0512143250544228,0.7698541935408807,1.3790721126390035,0.0,10.03326831869287,7.056427950625129,22.528191673522947,8.792255112967542,9.210024211843999,9.618457441876316,1.6096000580967362,DMD
0.0,0.3061193136142367,10.997708840492916,9.588901032544568,0.2817887130311923,0.3875255722134625,6.874312613258177,6.2166925762353635,0.15890340928502852,0.6612284835562485,1.0172508751842653,0.7956046033055773,0.02614854712359709,6.811540348629912,10.603705190573846,25.687429402083012,9.13333871363173,5.9831013684429815,4.642182913871424,1.213331574908418,DMD
0.1362917351125249,0.3367703012684173,8.987681900883247,8.644777360763195,0.14677855581815502,0.45267621423707044,5.208990500972272,6.47654397722568,0.23980719405218068,0.5527387114384195,0.8129976283498662,0.5537653667819739,0.18142974929559463,7.959186555676038,3.768903462072818,26.897521752684273,7.55996254082044,5.551720339195017,10.10084704730148,1.5375500531338024,DMD
0.03239411586120125,0.2560632740915381,5.503088875889675,5.47794920564463,0.31564251063875753,0.24787288432357088,6.0275846261710795,2.853452999988871,0.08137171677840448,1.1524531299686882,1.0944279400284584,1.4383437996810788,0.19400694321418585,7.619326895400042,7.685782668834243,23.401152613339477,12.095917182617635,9.895874248486459,7.763011890829515,1.570138174706723,DMD
0.1366910172355885,0.36375356318252317,10.571736228165642,4.099845714298746,0.24151054353489185,0.24330216488504763,8.19547248453499,6.623718621549321,0.2029552228191176,1.383907744702758,1.4457786299981266,1.0186016679815368,0.27303536407023005,7.948287098094958,6.688944622012932,29.372656572350934,7.880866220500951,8.140810630061575,9.68462335727891,1.5067265982760447,DMD
0.0,0.3404051326634116,6.851115594563549,8.841170293806547,0.26265707442436215,0.4618540382983174,7.134415375990871,6.144756497840968,0.1397812915876058,1.2009966239726255,1.4921128223400726,0.8278375228408081,0.2259816804208969,7.093572349517805,5.764641694677537,26.495812238941934,9.752843228225416,9.504387704554237,6.009268247801537,1.6520890340390015,DMD
0.008866725710989688,0.13621855183223655,6.467585079370905,6.336104432768482,0.2469435644317257,0.42674350293755353,4.158491712655916,5.369559127918459,0.09409716328061841,1.1572713522535,0.844317354749063,0.7371677454941803,0.15597651607433025,7.0315777010155935,6.5418522705385875,13.7890551078403,10.156464882491079,9.354499059929028,7.508459658636037,0.9653466705254843,DMD
0.12256215070008579,0.22671102750031297,7.251966807334029,11.083668287357273,0.13667272003016934,0.381643095866915,6.702615327603272,5.40968080252409,0.225380048829906,1.0940971404723,1.067985147735135,0.9870204103059848,0.20578981868775198,5.834110074681191,8.481114250822296,29.152828608372136,9.722198462326451,9.843016055606212,7.356470937333991,0.8458590734605933,DMD
0.045662440417130856,0.19096863606129902,6.792432303734194,5.574249505559761,0.1570389627400549,0.23437139366182058,3.0280377125911215,5.7352330068464035,0.3998289672204394,1.1515592983740721,0.9492690108664431,0.9863134010809461,0.07053098923907768,8.148568613380482,6.946338263593812,20.752705426488614,11.445054680658705,5.546195511078878,8.613413891951081,1.464580830438864,DMD
0.1640499089039447,0.33749510591730436,7.406155863647641,7.116053842426529,0.20359160250677852,0.1742930235503959,5.0414130936026105,3.1258088323485493,0.11693207914633155,1.0234766204151124,1.0750437623211302,0.5051675762508994,0.09039518078690598,8.929626418856518,6.763777319604459,21.79936733882211,7.778717996165626,7.107740464287584,6.513067633382511,1.560838233835697,DMD
0.1884612936641271,0.21819300914042983,7.475064656108645,7.419868193968391,0.13813810090775358,0.4208059383875769,3.0363932833669507,4.44238787110239,0.2736482362687966,0.9264764229028416,0.7947902602874272,1.110189188609691,0.16344402647780065,8.347548484604847,5.838230478271319,27.303826761716305,7.796413724519118,9.229558355124816,9.799051271527716,0.5880481355090135,DMD
0.05666404839173796,0.109069266935761,12.028951165794123,6.774406972615905,0.2671735917642835,0.29611514544456147,4.996144274101176,4.0318443004637015,0.34271112557906835,1.2389845150445777,1.4858960218443908,1.0138633337894247,0.12015437348722002,7.559133916668775,6.583730805483237,19.738470990989292,8.647017834117614,6.697743118437775,8.184958829354514,1.5595035766430734,DMD
0.06726092262054334,0.48426429336592486,7.9377653828867745,8.672926854422814,0.3846358517677024,0.44372787762245525,7.441462123068556,4.677977373703475,0.22066787500110172,0.6704309269925146,1.1247286002411037,1.0686150444034603,0.10163695876093268,9.69487140060072,5.2487265074846245,33.25605739835975,10.078088203895497,7.883453933574243,7.26946913888304,1.668213925337008,DMD
0.14125107392382677,0.31117684905590115,8.237650988265724,7.528083640320101,0.36038217014313256,0.2594228586769274,5.963115501726161,6.536607436974045,0.21323097502515773,1.2842647150113806,0.7721799857742604,0.9486768695928715,0.20391038269081602,6.88403946899015,6.780616392333925,26.296260416001967,6.768979593512273,7.31721330427387,7.674586856829743,1.5163386069566864,DMD
0.12682112125022815,0.46956029143154787,6.587459961198496,7.672466204709608,0.2606823477582289,0.4667982212379117,6.898112871646412,5.305459071671948,0.2599888278784368,1.168442208584065,0.768071426928908,1.048199698126567,0.2021412695932084,7.6578613316548925,7.187697631693794,23.77529192989359,4.4507458826879684,8.033973792437221,7.967777492511953,1.3206273131916841,DMD
0.0,0.20313328942401856,9.260909566623681,10.557413398222703,0.324419000681489,0.1521219394686393,7.068284138188378,4.303679505400245,0.14759596437421008,0.884506100507179,1.1765167374638577,1.2398133441122596,0.0931378250104149,7.86623327733676,7.6731824276919,27.86837242459742,10.558394986827427,5.8807862404098215,7.531042376696247,1.1261914684380878,DMD
0.04694346325619582,0.2751207183551163,7.922863401060542,6.260398523428676,0.06614391861133141,0.06961187206136067,5.83602480716895,4.547448838875415,0.13916561016765555,1.330637115707915,0.7851404533011722,1.3542085205347008,0.213669062098848,4.781014229797521,7.133953115548506,22.981532721278246,3.4043430967447845,5.616341932437116,8.701150966018135,2.2067197384489425,DMD
0.10416068856195491,0.33559957197642754,7.964801570308706,10.108127517704576,0.39334152817618767,0.2354473052523395,3.5000167996121356,2.796903163565238,0.31896928929438223,0.9882353648064034,1.0458104776146797,0.5523372517608217,0.04727677610480736,7.5124566570637095,7.301365655877903,22.987110203485518,6.68467915297265,6.705464462205837,9.37290109321821,1.585674616861225,DMD
0.0867294084173331,0.20112388080349372,3.1261912490889694,6.689188324329031,0.12200865010170531,0.3383913495490887,10.107154642102303,5.729924318499169,0.446236414344514,1.1421924238348622,0.8425284406068212,1.086979019530221,0.22464470196343958,11.018778283930045,6.165760816337535,26.27857766328146,5.998782960575496,9.360703230740858,9.907699783536636,1.5139298089406057,DMD
0.00995695673839231,0.3396144046405319,8.688807401749225,7.625772939366911,0.21608436119023577,0.28088036644836917,7.244943660283008,5.773038817423384,0.11152071675702659,0.7473523492103513,0.9364063957433595,1.1842092810262947,0.11036401897235704,6.938801823297618,7.379201965252454,23.329406876412527,10.04085130539223,8.549546417860629,7.011318809449177,1.5810315702162616,DMD
0.1289028835714521,0.23734069157989846,8.664384019717815,7.390786472277706,0.23842853154758897,0.22799785642446968,6.1379192914492195,6.163214446537641,0.11566937168785034,0.6676487241687296,0.6771361088782589,0.7073343674499528,0.14167263015248652,5.680331518321982,6.568051750121881,28.122360981719076,9.229153355960038,7.363827683061899,7.795931784220414,1.537500865408149,DMD
0.9439397611129534,0.7557247090825382,5.900113319543417,5.268845358734736,0.8720976376268215,0.5155162674035147,3.4362750523338894,2.8676930995148497,0.4623736436447727,0.2331339204063751,0.8694914275395609,1.4798203250361148,0.6140266800436252,3.8938575142230594,4.17583034002775,44.42306320880344,6.561550386317649,5.473308938045579,4.562868979788771,2.913344725763231,LGMD-R1
0.920234270053825,0.6079227155815967,3.2452315038886215,5.476489696861739,0.22577526081092905,0.8749509785656592,3.2427543307983258,3.3433676845666636,0.7257590794185357,0.20396516089029823,1.2794081104009893,1.1254630123399727,1.1499786026360224,3.1976775439989407,4.004260985586259,36.75391095677516,6.908334540897451,4.597348080129919,5.8876768846211585,3.3483070126176147,LGMD-R1
0.7844232659590797,0.6767387759049803,5.099745037192517,3.763291483749807,0.5187301415293218,0.46696798132450434,3.2645358598131042,3.960762347625524,0.46691269324942647,0.03276871322112829,1.0715683341943607,0.7888156478022059,0.7135487621893053,4.013994199112931,4.425987355985248,53.54049979131857,7.232507931759107,4.237786009706532,7.257826332997772,2.3469418405405826,LGMD-R1
1.2708871308319674,0.6484437446567571,3.259715220610491,3.792481651054831,0.4921328450526321,0.6985952690757137,4.002401028428617,3.197612736954295,0.4317579211230843,0.0358352914645517,0.9721613994036222,0.9474610989522814,0.6814596437239472,5.283083878766407,6.649440367918553,40.43232507039188,5.001461405615936,5.5876446488405875,4.413242893676365,3.4348269131168188,LGMD-R1
0.8203643233052399,1.1847451175912334,4.293058726703451,3.910978198377124,0.4116962450796089,0.512654042039634,4.529562249686655,2.921561643538909,0.4864499160218842,0.06068376101522019,0.9960780083107655,0.9322225768383015,0.5570175987801935,4.580186182224759,4.40542685097428,39.31571459252796,6.289791812404815,5.965378850191329,4.917693965284138,3.149852031452974,LGMD-R1
0.4597360006626823,0.7115684178460153,4.854098437994226,4.0977352459796865,0.3894107485412059,0.9872071174252581,4.864307892646854,4.397438675609833,0.793614803951608,0.0,0.8031121398428234,0.8825105317067121,0.8457245772606024,4.485558777977339,2.0774750230594705,48.493522799312466,6.125202247522698,6.681993731169481,4.172275271986289,2.4343939474430636,LGMD-R1
0.3300038785088828,0.738350964315914,4.765945013902846,3.9188205309169164,0.8215167227815473,0.556378877915781,3.6102442132164168,2.8413623815056455,0.6488274586797975,0.0,1.173424488753286,1.181107044058853,1.2126370275973974,3.9290328452939267,4.6525340123825485,50.10253986244786,6.0086238840798565,4.091435761108405,2.488419015966053,3.225524192974913,LGMD-R1
0.9618750804225201,0.6809991754780976,4.649353559158146,4.457326438753289,0.3021207420848301,0.27165311085364235,2.6532775511501256,6.0340604505517685,0.7228720515685714,0.11320286393825083,0.9545847682035489,0.938151765013141,1.1684550761725918,4.484874471001397,5.048074390150078,41.84672704986107,7.731180126610322,5.779402932957219,6.307834655417807,2.620133646452645,LGMD-R1
1.2645340281418553,0.7343587406671149,4.093529600342922,6.053295287088486,0.3435837414865371,0.634552114321918,3.828503943889045,4.442003723680688,0.5233666361741108,0.24603848705656572,0.6762670286649349,1.3647213471581172,1.179465089286077,6.995933229083869,2.991184256227571,37.13707503459812,7.215734518035887,3.0291088876381758,3.3132181539075654,2.68259993863753,LGMD-R1
1.0479984471555668,1.134367265466243,3.8425239723091957,3.922172809338688,0.546708490654464,0.6798314021600481,3.8309298666277036,3.848711723241357,0.2676353606339146,0.03576688076255675,1.3550677713168655,1.0467672344941499,0.8258199126053769,6.174076975792674,3.426389199249499,42.96059938989728,5.658422165950143,4.536553621540639,5.105800964046678,2.8779989445758525,LGMD-R1
0.6501642380535313,0.8381103551946018,2.8709009772140623,4.6573343688418865,0.7061203736225165,0.5522260564630708,2.62138765252176,3.8920603587757667,0.45856491162664964,0.14161563018420287,0.9630028131192866,1.4274408129161433,1.1674876070057878,4.839265470294527,5.179828614574436,41.44121049707625,5.539050417939944,4.620494093832172,5.804778757842194,3.931442379861226,LGMD-R1
1.1996620517977858,0.9936066862699248,4.78457842165037,5.0236931262179745,0.3291070761184598,0.8891651583008049,4.853308120023819,3.801202337183637,0.536981354413249,0.14286881570407625,1.1377032087958763,0.9495134828117453,0.612494099214851,5.320986250287266,5.023864711266768,51.56868138975111,5.901686688207339,4.715329094219995,6.043702141481592,3.0428015234178467,LGMD-R1
0.8837692464088198,0.7620627897703987,2.515926322396265,4.3268702670303885,0.6032654779812003,0.6577631137636691,4.64049812973589,3.7764713230866516,0.6828432377190637,0.15549181234140405,1.5857142520718521,1.03619137277941,0.6598369488612745,5.890325191023046,6.272440988170034,42.080934172449076,6.4672437693973785,6.290164457990366,6.067918821168661,3.081613039607826,LGMD-R1
0.8253815604467134,0.7829312949171471,4.389810385795986,5.362811397887143,0.5500917571998559,0.5354156456881018,3.9165347421123267,4.731072307581397,0.6645337095904617,0.041466901982317256,0.9546484913207025,1.2369551941031167,0.581905903988771,2.8021630764892826,5.9326787076368195,49.62830805794801,6.197739502898123,3.8693421776915913,5.774404466639865,3.178911646919437,LGMD-R1
0.6039181055379007,1.0990995169975102,4.1348808250759195,4.123720232224695,0.44330153810221734,0.25741227607649597,3.9450024497235225,4.2225786261588665,0.5670063775033738,0.18949396452161707,0.6540352452510385,0.8508068809080962,0.7044981014051113,4.707265271239869,4.564096523994362,48.89162239049276,5.1009805289291155,4.078776478087361,6.770307297258967,4.56756612466257,LGMD-R1
1.0358216679705063,0.6410761229256179,5.25413601138595,3.125580748987958,0.44978400129427587,0.4816601012711287,2.6303483371621335,3.761979402016496,0.45309074654042597,0.10088581249040582,1.006794291918116,0.8446670691195052,0.81478192798341,4.757608583701104,5.269353758063455,43.65671392036912,6.4484070019040125,5.615103632732389,5.600107231745779,3.9020998807248826,LGMD-R1
0.7201522800635225,0.7006315476755062,5.4988039802546345,4.255549324440196,0.07773144651412249,0.5654953816648595,3.6012046476224375,1.7754538501834707,0.8267690587809512,0.050040127529407855,1.0821407787968789,0.9435046136639845,0.6036791735830704,3.875966458632809,3.6116713053938305,54.825330778111926,5.330331083684825,4.452041207620666,4.018660641780257,3.7774976439919823,LGMD-R1
1.3660503181308967,1.048796218728403,4.418571738281042,4.775338539777176,0.31760932730361474,0.5582107484591202,2.9871048474901727,2.4483147073629965,0.7796973812581122,0.05129190375254073,1.2989854768588267,1.220436600190003,1.0280451346256865,5.6435282753513425,3.9154518120299775,61.81354386918052,5.549594245596007,5.317028269374639,4.3184698497550285,2.3947425804949756,LGMD-R1
1.1193240022023558,0.845677834147145,3.3290504889828094,3.133494617163366,0.3095115369008679,0.8033427319054881,3.0400596390124464,3.711927736175541,0.8465578439890405,0.02144946069595097,0.8182512935707358,0.8078082928598267,1.272155750668189,7.093052675611535,5.213985064132062,52.089631753595874,4.832591746719359,7.044694911249497,5.281081067076595,3.554521671892331,LGMD-R1
0.9736187653072614,0.7437131566612017,5.4135859206567,5.0127374957513915,0.7177063191605573,0.6434057891966575,2.863725097682682,3.504158507053285,0.6175040912189838,0.05614498487696713,0.7231346478430773,1.3003542579467562,0.7746798837105923,5.145102385180887,4.781326910391325,39.67721421584885,7.16841938625505,3.8270011507351565,5.274706526759809,3.1599765091447796,LGMD-R1
0.9864363492839631,0.5276483512128837,4.740194919083945,5.2063351368178665,0.39866472071131753,0.7202728252249114,3.781180764725582,2.911479676443058,0.4548320845228692,0.17967970114227055,1.0773540462855127,0.8589242635473435,0.7025505450302924,4.4588365119788085,4.0777444466161805,37.344034554705274,3.496971270759202,6.197013950720825,6.0191653562420155,2.172383956325541,LGMD-R1
1.034077823890917,0.6105299774298991,3.777667860257445,4.172471749120026,0.4358248676423191,0.9405010042929686,3.1697557364928572,3.312975748693114,0.47036115698550185,0.17306438694812287,0.5869744170767663,0.8093442708911199,1.232769253225653,5.256185497397529,4.6823259047843075,64.2959254643005,5.783300145890774,4.256404530572438,4.703819090279834,2.26196899913013,LGMD-R1
1.3139842600039242,0.9206579606827103,4.955752027475256,5.652334732121902,0.4378683828608701,0.4393920151584888,3.4612151665189654,3.2581530898297424,0.6280426688195342,0.17924678165842825,0.9579650884877082,1.0374987724769347,0.8784155082686257,5.842863951059583,3.8656067254261246,25.122161332129952,6.041499188281688,6.0372261423733935,5.468692956996462,2.583850177945791,LGMD-R1
0.7162469754534828,0.9038444816738676,4.120257109994473,4.380497003724587,0.7733695014490687,0.4390439839891736,4.831277765845599,4.027016319140044,0.2879530189319513,0.08745581419766014,1.2398740191498603,0.9087362417987573,0.5608009355151692,4.8272597416140215,3.6856862448028793,49.45092032984606,6.389409788477753,3.8909160718644884,4.258905742128568,3.4918176023195096,LGMD-R1
0.7852889304252602,0.5727467914761211,2.9981125379731832,4.834436682310215,0.5463736579276196,0.4837121748355629,3.5038140470961756,5.2980625265318615,0.4344097733239023,0.0,1.1137688939300927,0.9723997090246029,0.7366942300325267,5.684684249222653,5.29726388743535,25.01508392008516,4.749512404268788,7.433392042756698,5.612575161588101,3.4394673648931473,LGMD-R1
1.2932235696578696,0.8035844532919425,4.677181536077877,5.182158941645342,0.5808562245129139,0.5452579649950412,3.6290441917746943,3.4998926703392383,0.6021784317763041,0.018205637553051282,0.8023440021817618,0.9294219895187676,0.6829477507710825,4.469731865717565,4.34427032208226,48.640474219212614,6.591645897130846,4.513026410052986,6.401859848132055,3.6100972011065706,LGMD-R1
1.1260234579859856,0.83226631715229,4.27125271558826,5.627698593133063,0.6835369489638911,0.8269409438252193,3.5309951239077524,4.4717220902488215,0.8284029061257486,0.05633987755585251,0.9203957865704241,1.0040091657533696,1.1069077097352635,5.960930758254554,4.280679094361961,31.34708443786362,5.783111535940362,4.035768055805178,3.435566985127766,2.178483485523084,LGMD-R1
1.08159525196139,1.0858178457958896,4.033060338800807,4.700811621913666,0.6774342408316888,0.33744266545579576,3.8901323162002037,3.990148683329002,0.6962297680014514,0.06615612641173288,0.7955156773933795,1.0351272260714013,1.2793140043669262,5.903955609768536,4.017691868328913,32.864203074369414,3.5656226237475463,6.381904424443006,3.997163597457381,2.788416281553291,LGMD-R1
1.3303027815193942,0.46108069434941173,5.2684248330538,4.2590415688021235,0.32771250271418917,0.5579503423846848,2.9580524139488915,4.374696829069858,0.4898174862390778,0.0,0.9448593663977527,0.6608637369283653,0.9469935733173136,3.7535131511025095,4.036387836986519,46.65241962813974,5.25567246621059,5.262951797151097,5.714301524003645,2.2473430951746507,LGMD-R1
0.9839006148438231,0.10080420252329285,4.210233306430145,4.2142265761439,0.35248253547830427,0.653672301790409,4.379523182888801,3.5953849145408983,0.43938153665890756,0.11155176837070982,0.6660983333384098,0.8349046573661152,1.1811524971796157,5.065288191302902,2.714506384251142,28.73722559212142,5.686398546543792,5.905510104713572,3.3014974684425424,3.2923131948727304,LGMD-R1
1.3325858768724297,1.334207567230487,5.34778389785287,4.430782205369603,0.1226860244083413,0.8149628821993984,2.625931361487521,2.799896631181219,0.6515108344564713,1.3779183535463577,0.25456322332804837,1.0313521698689612,1.0095976762467678,4.541043846251228,3.1178738479345434,64.84127389142232,4.346766145625791,5.958754234703289,5.7336142632806295,3.960527197967906,LGMD-R2
1.4572436890635883,1.41343958763272,4.815994468887473,3.3125249993460333,0.15764492115665862,0.8367023383145384,2.714206694203008,4.351277642826305,0.5591614801731981,1.3845664102280089,0.050991768572921065,0.7020702165956643,0.7562136494997125,3.9948130840864446,4.50685481764203,49.48348098171514,5.659087514279517,4.223529600568971,3.868147997532135,3.0623295890779447,LGMD-R2
1.5112346995077566,0.9517893144121953,2.917049680074303,3.5578223385640313,0.41259258422186385,0.7768099521875569,3.6686541653284346,2.8087116226385636,1.1594875931787656,0.9922099087996306,0.18724308677524612,0.7112478756500245,0.2963857499973115,3.161990084150057,1.2372165452336497,71.22649773889174,5.225259564830737,3.6215881824743703,4.929992828481115,3.6420005271351243,LGMD-R2
1.1552333489034978,1.178192222261342,4.695582789323734,3.252136589814161,0.5076107778683493,0.6203499166826699,3.065478275278874,5.13316564151058,0.616813796656286,0.775035507091183,0.12926639992546213,0.8312655357716254,0.9040584700704282,3.7086421569525316,3.6597940595078975,69.00294622139361,4.574133275414937,3.7410910331835683,5.612144849271176,2.7117185372849795,LGMD-R2
0.826764192463233,1.0326090577170688,5.985331995066956,5.037404932418913,0.302861161811337,0.589401300947918,2.697029670296283,3.0457582748670258,0.9286104286355342,0.8626114010351035,0.1194743217214686,1.0388948673076597,0.5751415809689144,5.417788212588505,4.476238759627111,30.03777935070227,5.29129216679921,3.76567523754171,5.542221541091997,2.415950122414431,LGMD-R2
0.910880757842614,0.9832656467273472,5.057057308848969,4.648514518206875,0.20260514181879238,0.7477871505301068,3.3413440282123763,4.519788659750672,0.8661056321543159,0.9970974713862392,0.010106125236218748,0.8591117046878247,1.1338082999011414,5.816165892573563,3.4733400169118633,21.6760419236681,4.776675778979626,4.226682256277339,4.262716018561636,3.8964044013735513,LGMD-R2
1.2190531448304158,1.1277688958328906,5.467994597142135,2.469344903365759,0.3556440347498716,0.8456134675323785,3.243240877621611,3.775864676332899,0.768302328557033,1.1038449056264974,0.0,0.9401189207722329,0.7920425053231153,5.717420629290742,4.0405219604289515,33.45256056465049,5.45159361398034,3.736366584169392,3.344053640972653,2.874380714962564,LGMD-R2
1.1356260574161288,1.1895150851448157,5.507076442436466,4.537219740074469,0.46149588546894016,0.5151990765290703,3.4530049127257927,1.685918399697934,0.7211067867479183,0.738768741344437,0.18140318007808975,0.9632111736957849,0.8064990985362444,3.0701817194588865,4.864306255660924,56.304647608751786,5.584795276457529,3.7276282904396187,3.7650421473087765,3.667699590834429,LGMD-R2
0.8263753974379872,1.000025381415788,2.7310417670949416,3.585587127054396,0.633577950505444,0.5659228741993647,3.1084158819451453,4.988919901753518,0.25616881242772715,0.7961722213029732,0.07191787797768277,1.2145878082513475,0.9838878362779298,3.677293626466505,4.848261173821167,45.94668658841684,6.272221606931625,3.518989436784045,4.382853980887147,3.1323745134675796,LGMD-R2
1.2640075928914285,0.7797603201897807,4.955429044537656,4.430789688013592,0.47088360279339553,0.6330428911209758,3.1372311049490333,3.1863133135401265,0.6335572383818374,1.006418078801903,0.11747147332520684,0.9632070880378909,0.8040327184027649,3.0586088324564997,4.567251991786477,51.820178503338774,6.051963934218143,4.5001524820367305,2.848522300404303,3.231165358019994,LGMD-R2
0.9500175192203958,1.0708677602497279,2.826212778260935,4.035002589406595,0.4667777780531298,0.40077681720777203,3.048508206380951,3.0297226181376162,0.5613811426881257,0.8978950374671707,0.050251560527309246,1.1709045779840832,0.6456601058645707,3.642235493304469,5.5027393668136035,59.65543711883156,3.0454109713078394,3.773470124640093,4.730339823136576,3.74281630042362,LGMD-R2
0.6273767835657766,1.166470063349134,5.8664856401407075,4.409616387234288,0.5763747037925757,0.5678434988856377,3.2915775715137006,4.668259453866682,0.9092317203382646,0.7896231352721172,0.14432366250703407,0.8339330337603545,0.9058724556995584,4.952782831668824,2.824052784412412,48.7754516063241,5.278519874759422,4.085524318555551,4.798974445271222,4.104423332750802,LGMD-R2
0.9923517339423111,0.9516578796428997,6.452595282483774,4.402217095741443,0.4261071576576816,0.35628809305379583,3.4361669074027517,3.747612462043954,0.9439104924032675,1.0117196358258278,0.0,0.5749697827929345,0.9544929603895441,3.9583160821867542,4.371252588443923,51.14803807724868,4.824818348921383,4.408456778691188,3.6778799702070346,3.488166733325247,LGMD-R2
0.8538766418014003,0.8143810003710878,4.660168503055381,3.8073107205860888,0.5198825493459213,0.480531375619296,3.665406518783564,4.653391213494862,0.8624394837006684,1.1336171337671277,0.12287825466384643,1.2163396772625175,0.8187657551052103,5.4353413536593385,4.521989934496232,46.3836033691571,5.940643424107947,4.58690600567869,4.3991745927683,3.1428506297007597,LGMD-R2
1.0415047119686431,1.1291864015449862,5.93338700587269,4.300384727840114,0.4779536732942546,0.6907545187283837,2.9025219107389404,2.6634349973523452,0.9472146719139287,0.8675554369923204,0.05167633136592668,0.5509505611663621,0.9199694411645023,2.9596200066753897,3.3622800134620237,55.91177978487634,5.75801731502879,3.880881059192678,4.372554339357215,2.845554105195385,LGMD-R2
0.8629008030472043,0.9612295098351686,4.473270987263719,3.7924172158506813,0.20958813138971633,0.6699434247209206,3.331543285561193,4.094679028877901,0.9451808116772038,0.7936967811135709,0.07491238618803835,0.5262914081044472,1.4594888111214699,4.357893950448493,4.882918714927675,37.55648049942864,6.04620784692516,6.264711332817183,4.442733288423417,2.741838877557799,LGMD-R2
0.965300899763616,0.38784484925983786,4.960218963927066,4.6978220684160465,0.39535150623144316,0.4573790667966549,3.3429192754728216,3.9530186352121643,0.38461794312401526,1.0222057405696972,0.2705189586960471,0.666245938587994,0.7820620451050561,6.344658815949118,4.938548883062125,44.840363358200584,5.2164421486037345,4.497993904014418,3.789331785894416,3.444310919380188,LGMD-R2
0.9300084667983678,0.9259322557576524,4.214197660274415,2.9148745297920375,0.39463349945899184,0.757267732726817,3.053431902070818,3.251304665801341,0.8432763029573147,0.9604200968511554,0.23076230474713771,0.9990218726762303,0.9471043832632143,3.783125836726391,4.4276258653361635,52.76468944328473,4.940668569107832,4.023330126888766,3.893871342630244,3.7117644979847393,LGMD-R2
1.1572347774241183,0.8707525568523498,5.301631325576832,3.9677725235871457,0.4128083832377004,0.46993325259841623,3.0116821765894004,5.52353034261307,0.7592105167734107,1.1613242396077608,0.1306616523729668,0.934295794175735,1.0717377347912502,4.223394418094975,4.896796366601169,46.64121966943219,3.992028854898757,4.8471263978243835,3.4505650617029984,3.901730168762457,LGMD-R2
0.7014603359771708,0.8266281529912437,3.496683818649021,6.400541957992321,0.18498525724987916,0.5014720610594606,3.743147778314509,4.277289431440269,0.861755003212896,0.9206929029446311,0.19457622624359014,1.2283477727005456,0.8445829197087001,4.7285517198402625,3.741665749526933,40.85799714037796,6.299008524252653,5.7465975939214555,3.6600963160215745,3.3846611261403563,LGMD-R2
0.9641441958852677,0.8924891421397287,5.067509622516961,4.804832242399253,0.3028617498967234,0.373047951273101,3.8038028323929343,3.1530164435890264,0.46002328282035737,0.8787175144750325,0.07689630853291995,1.3887406819314412,0.9942135045991148,5.59014458580063,4.696977595994769,59.50974889973391,4.2775137670906656,4.31132795241419,3.5595804526276287,3.342133977097225,LGMD-R2
1.1710262477336852,0.9309541555068168,6.37705485990831,3.0297965766068633,0.4650309855907712,0.31275457971960224,3.0612147049628673,4.055250066917359,0.6592445123033983,1.1377816510217391,0.03281873656169462,0.5840775054509043,0.9169762207224387,6.156809722371946,3.1533618008555915,62.2830515100733,5.045594579257232,3.2310930543915775,3.4250699637154454,3.5118385800204877,LGMD-R2
0.8988844280189741,0.598030015345605,3.2212587547133245,3.28028857126247,0.4251951710830454,0.4990398871095293,2.674195327624949,3.651415395718612,0.8976050767739105,1.098531627608537,0.09150839300272935,1.2320180016651723,0.5984314365345781,4.286326437422416,3.829075254739687,37.568619752649404,4.559132129601425,2.528788303149462,6.316569145279806,2.7969396586727653,LGMD-R2
1.3965285328553279,0.9087594363154833,5.593107338763756,3.5845201714017083,0.4270308599550177,0.5975734459982655,3.4319590693562185,4.081080042555768,0.6300167850925564,0.8799100818771612,0.0,1.1308047527942342,1.027299529377923,6.035182595922033,4.2593967393934316,42.29687828226888,3.218049049546072,5.489583396429183,2.793537261561341,3.244546941692175,LGMD-R2
0.9439232930140885,0.8840253182942656,5.037592730037632,4.117425422912439,0.08600277592979115,0.502198386480519,1.5507758768272795,4.0491635548182465,0.5945262203973136,0.4607408186941625,0.043005672583023694,0.8574811652038365,1.050046919686551,4.686805854662733,4.292778202697993,61.87127742391704,4.899048497679286,5.216478562980783,5.149668058235393,2.5351478798229405,LGMD-R2
1.3682458944074574,0.5733305905837403,5.96323498195174,2.710487918630212,0.47816078245971755,0.7792872317225259,2.8615638732423627,3.30773326786014,0.8159835998702013,0.9176508860093643,0.22727950926199753,1.048048062364674,0.7327644032736477,3.9867287484991007,3.2069938003529326,43.69106238308723,4.631792936658473,4.036742880176349,3.8747334895697514,5.07413092276433,LGMD-R2
0.7424762308776276,0.9337254951586202,5.622147060248915,4.535591796246173,0.39238108014827866,0.46389461422290357,3.293505869305679,3.6998912374836506,0.6507978213941724,0.6095303570688924,0.06724533943667267,0.7133624590731356,0.6598964944860715,4.531562076591111,4.304925722397124,67.89355015048868,4.435723302150995,5.2358943535113935,4.790662023215945,4.4719982529798425,LGMD-R2
1.1440571798989065,0.6680492717241472,3.190801669244207,4.264572444717379,0.33130137027294926,0.3529529381074104,2.1760744920534996,3.6207316231903666,0.9864644628695393,0.8978319135734896,0.14131892177527255,0.9744334124456019,0.5292297612882875,5.198070776334896,3.069511762576734,50.21734763746532,4.641403564244429,5.348423562837407,3.4947565571528476,3.7931524308514697,LGMD-R2
0.7900506481628248,0.7824458011643795,1.1830397610828927,5.778283785875223,0.4715724012674102,0.3848978771092753,2.2689738025835537,3.128263435340495,0.8362071116156957,0.5269787686037686,0.09008909064939634,1.4426604681156683,0.5618712694467611,4.576365786825472,5.872813342969094,56.35312387839227,5.132220011509728,4.981304632163552,4.119177931740783,4.47472346397758,LGMD-R2
0.900167494274947,0.44938822999072525,4.589131740862517,3.178275649604802,0.3634447784143342,0.46113739113790536,3.77832507987319,4.021469544998289,0.7500204426393253,0.9992636471668512,0.02587993937994039,0.45470619058358064,0.8237636023924845,5.254909143394976,3.907916199242099,44.624714055993664,5.487727273474923,4.42083440940687,6.101456982375264,4.4245462565512135,LGMD-R2
1.2398770142558324,1.189433528552476,1.4194246634968444,2.8646465361289297,0.6639754127999178,0.815220698394321,2.2216742690658737,2.749019423316436,1.367181958605415,0.9809535825120203,1.2340843452073327,0.06703071328151977,1.0818475642941645,3.610557928651096,3.2368769501379764,80.11442565563682,2.4252205763657284,2.6833063879156556,3.659285064517617,5.924847196158433,DM1
1.0448573803237333,1.3214397591276414,1.7022395580651564,1.872681830781295,0.6523818172112058,0.6853357475383977,2.244288674161199,2.484928740023423,0.7285958439690741,0.9812656070690692,1.0072122236982963,0.07865130901061687,0.8532796293456115,2.7376643309585083,3.556832327915114,62.33795310429488,4.466889106909698,3.1044579583310004,3.0868568972535035,7.804209143606218,DM1
1.1034065944285838,1.2475311967232041,2.2664463424411214,2.842656066113762,0.6910611887299206,0.4906039326925475,2.1653880714026355,1.7713262828823684,0.7633838043533678,0.8185956358591782,1.089367546462181,0.12338883731367643,1.010663554875993,3.1867427722869066,2.6055635278388407,56.854907953312264,3.5982575048154155,3.69410684024136,2.6399126760300877,3.392525985861721,DM1
0.8182776541988219,1.2613018955080626,2.5466978135823655,1.9914084657793556,0.6522425901351775,1.0485419532966167,2.1868901647581502,3.2818268068782017,1.0097325797174508,0.7724503234430223,0.9525046441257304,0.10243281348042936,0.9239506792449083,3.5956138197350715,3.2656450954790155,24.61877862747371,2.146653822489728,1.5782024052655717,3.631523930491501,5.252512031941149,DM1
1.0708062396526796,0.7602679330713459,2.303364802303995,2.8939443730576913,0.3866246585751232,0.42145274172471425,1.999940741197878,3.4854802504873477,1.1569459758617149,1.140851090112013,0.8175008321049809,0.16207898616420097,0.7959424190939205,2.5011204261620232,1.6064215594457034,61.233705490089214,2.5905862230607064,3.062679746693528,1.7754817278222037,5.178318006212872,DM1
0.392219709007093,1.2719850633171381,2.234851055360788,2.3467343757164767,0.6956623762139534,0.514165890093925,2.0325689820267017,2.9371257211531847,0.15019925769080816,0.8881939100806191,0.9943389674659064,0.08625944675779634,1.2351334200323032,2.269464268800125,2.596246491760601,36.9137782329832,3.9816863233275446,2.83991140730428,3.17119333397247,4.94489318357375,DM1
1.1590589571075811,1.0868408508790313,3.1915478961006896,2.749664738622076,0.5209082770412562,0.59334221987045,1.8232584714124358,1.673989691453589,0.8083714835732331,1.1958670265522293,0.846659099844191,0.04348339606011219,1.2486673836476738,2.0727859481962425,1.6559180552897539,46.10753157904904,1.9987187338692072,3.2510469416679784,3.22947162466282,4.769328602724968,DM1
1.2882335442436932,0.8271662847093059,2.3487902352855383,3.3312275395617617,0.5225373753376776,0.8400343425556995,1.8911819393619589,3.008253970862434,0.46998727060898265,0.5886219387186634,0.9021830712731148,0.037775263365816054,0.7811569048311263,2.857307721409359,3.4680087956935637,55.087690028280484,2.4644901480949937,2.7715163051067155,2.9231410401450364,4.01929422283415,DM1
0.5967457966057577,1.0173695290552696,1.744082432031326,3.0314533065790696,0.3539426643499801,0.597004124540903,2.815808249296437,1.9832147655961827,0.750328017059814,0.696039004293658,0.6628931218047547,0.2083117688161375,0.9393390833065438,3.086891244854455,1.8973944471744553,64.32283372670506,3.7523242648959867,3.7471600895385446,4.001249922204621,3.8140401435248257,DM1
1.0782808542982478,1.1668962401191518,1.1925003867099944,1.8832962246850182,0.750986744696385,0.8664486975676664,1.3031376348703734,2.937261802598045,0.8200137138222597,1.1952522386517879,0.8413696691415147,0.14516284475366314,1.0940806181316938,2.7716322919537872,3.011539155012636,52.18531436446892,4.073565316645822,2.921823239438252,2.8084817561171134,4.248382790431513,DM1
1.0316926502855284,1.1883327929445529,1.3988779196822652,3.516213001618347,0.6524747999894548,0.7886266348641884,1.9562647052794535,2.510592432043119,0.7688605410352454,1.25444899225899,0.9980178531366574,0.15369351529448969,0.8002150696289084,3.1271663434030055,2.477451776244376,74.65916520222193,2.4580642935325745,2.7887633612301377,3.263779690658941,4.628351042942543,DM1
1.1806239423607343,0.9208355588158391,2.6272660387434827,2.0498387026284073,0.6287941698902602,0.552600662030606,2.18943775213916,2.4912276501627764,0.7674369706133196,1.297118741625881,0.8364145322362242,0.14105606103326002,0.7231392200847977,3.0732453801042428,2.2228760366547604,52.016668387003776,2.9466070203776376,4.1795219587600005,3.5756029028448304,6.737401731660042,DM1
1.0550808229227295,0.9032289388812653,2.692710435170312,2.7403596921403803,0.49073732903993866,0.7894085772860565,1.8683323625415753,1.406031192105787,0.9965543634457797,1.2737335139104822,1.4594855074980688,0.1295500584536684,0.8427936124610175,3.542743127796081,3.5523832374572892,79.74128825679388,2.970992045006813,2.8923736678310634,2.9633416851811045,5.564335191061462,DM1
0.6129345829422912,1.194021843215641,2.2645258048396055,2.8217886113521047,0.6234982902053129,0.991265867030906,2.3923970594420885,2.1661075447433653,0.6762723995634942,0.7800815466463408,1.1378208331938968,0.029990275513203043,1.1491801930241712,3.859932650424603,2.4286394251822068,57.76414015815611,3.010803637885569,3.5745890543052843,4.707007531707408,3.2302329874879936,DM1
0.9204548206183293,0.9334958261099132,1.3696985653010536,2.233189489382766,0.6727207205396039,0.647051008460484,1.3049204741266638,4.080745483905453,0.855897351692878,1.0279235325266687,0.7255184092332384,0.11824943133798928,0.8622308296704563,1.7724597817349854,2.3043339639906293,69.57885851297104,4.263611472500287,3.238657513277979,4.327312458720026,4.83645692598763,DM1
0.9783634598298493,1.2727447569048664,2.7482497801307613,3.215603181406092,0.41871827718458077,0.6872778108401033,2.1248861080143326,2.357177120070859,0.8814500841172752,1.2051442029172368,1.2507024379887852,0.21801091065550662,0.824228545913288,2.1133784428544455,3.2328524861093944,82.69992292577687,2.6899656910298617,3.446450535091418,4.021809344354482,5.201014149711839,DM1
1.0017311802609286,0.7691426985696519,0.9732520674107401,1.888482111334784,0.5336482946510112,0.9085103106103143,1.953592371941881,2.2145358545950184,0.6128930571897797,1.16420145712737,1.3395892916076513,0.1744405005307222,1.039414430944448,2.040851714851089,2.7714117421515483,83.46501595812059,3.729267819744896,2.0006229081474287,3.4583071076005463,5.38125335429409,DM1
0.809460384243445,0.4226989946477878,2.0444708202573945,2.0667329583087586,0.4667469043556037,0.632610731613156,1.9398458384053348,2.4950044632473722,0.6143621212263797,0.9449476175914806,0.5606441573993113,0.12177273457576548,0.2430566549315337,2.811831447718147,3.5974709998900196,47.23494471833834,3.4656796323773102,3.75122626287858,1.0190750356269582,4.841068951245471,DM1
0.2810566430929312,0.9704478886072635,1.996772955058403,1.1346008077490388,0.9272225215535771,0.7543430034505787,1.6179394555630842,3.3059586851241853,0.4229212236651135,0.6927072416204207,0.42513611908252535,0.22607316375775338,0.9764396654385609,3.428611163401522,3.1956508020470094,66.91390152179224,3.050750514032393,3.176098872759837,3.580702577167213,4.360978604152257,DM1
0.9883438086963328,1.0683986433154193,2.0497471037984587,1.6872253407356756,0.3713522663365704,0.9057398724441142,1.8618526793524692,2.8215989408697673,0.5706548189582968,0.6317135308383675,0.7891008468670717,0.08442044504600107,0.7470177311645851,3.841056790018714,3.11669014599935,82.2797103536704,3.262865300146421,1.4318419683521226,4.292031204843916,3.414970796406547,DM1
1.0576334168028347,0.8063289855840388,2.964219965508884,3.2917788600865747,0.47389049091070107,0.6758020430569888,2.110069131342148,2.974877739358886,0.8061219015882527,0.7437762751547833,0.8206103401999868,0.09968627425362461,1.183925105115879,3.2780946093484284,2.4972802977002395,67.81289197140298,2.748459854729196,3.578765203371447,5.395257813746454,4.623232310509273,DM1
1.2004012899315928,0.8136516669905676,1.9494813047639161,2.5162592577796556,0.5670737777924553,1.1679726008672546,1.862033116394728,2.8227683463316775,0.39468175744207923,1.1079991408424026,1.2855136480880618,0.06306818601946644,0.32264890756070497,2.974876350262239,3.0111695027505934,68.72510436146887,4.307086973018732,2.7529651271098006,2.8577839072547895,3.7747363085599845,DM1
1.0495196542578997,1.1198385647046254,1.754455072536837,2.9282755101491844,0.6791152930592599,0.7082140210325292,1.5939133756651436,2.2349746264834023,0.28975138748666557,1.0589467660495084,1.0065853221868588,0.11319352937626409,1.015993373579849,3.250783966180945,2.928250932580077,60.586449920111164,2.0871943291474895,2.6205815803018733,3.537853290262596,4.227353745292022,DM1
1.2150376989681366,0.8353419797612424,2.097337435061742,2.564111111248435,0.7268671909137696,0.8711503230653773,2.312314674935573,1.3416965892392765,1.0507711110827567,1.3818270560486494,0.8794689289196327,0.1165652838870995,0.6951087135699201,1.7335539706241014,2.519835077397449,53.4913245744635,2.76934702462132,2.3767058414961078,2.9499311248870708,4.988443362290172,DM1
0.8074432542224645,1.135881083137507,2.306747293128848,3.8092132603904694,0.7913655884609885,0.7461895810823987,1.7208810664995446,2.6615610434206993,0.8685851515824349,0.8716717277485848,1.1959328491882193,0.0021331389722687383,0.8437880378263726,3.3613079985563146,2.813070304065137,57.50860943867728,2.9104391902250177,2.4568591935529653,4.380425698680656,3.931060444481044,DM1
1.0795398318524714,1.1034119745705935,1.5731201444559648,2.5402073399094087,0.44536253063340064,0.9642980702606295,1.4875476783607042,2.1403565981724197,0.5429127482453281,0.660575318283112,1.3978038227205734,0.13799422717387935,0.9322674879111251,2.5732249738245008,3.5899476771803998,50.06811960562219,3.515865541314567,2.4328676702063365,3.016619223593246,5.796196505423818,DM1
1.215956836038942,1.1493682334741904,1.5276466479094424,2.2543002238524443,0.6266727860037473,0.5386366172370824,2.616933242058182,1.1789291808271993,0.6364647017724779,0.8726083742825421,0.28901408380705806,0.0022639608834666342,1.0438165878846757,3.0196843637594264,4.022538414327887,78.61997867291207,3.2814801460925653,3.2036048618504624,3.549448331434175,2.212163881226535,DM1
0.6513601216684812,1.0251688757747335,2.277211568936452,2.6593183966759772,0.4482809554883382,0.8781071936692041,2.6670998129395866,3.015894280160237,1.007815859213999,0.8601935505111973,1.2689835306751998,0.11020310475293602,1.0176577715600612,3.237530697836061,2.921033381463733,49.63697017477626,2.94661116868987,3.641395051363835,3.168893146015318,5.938014625738553,DM1
1.184267667654418,0.9252656507450424,2.6249600466288094,2.3044493308451117,0.8566229666441473,0.7824841264927848,1.992860336695919,2.0117092408142905,0.7814653516716413,0.949060121626395,0.6854259036872736,0.0847669204097633,0.7151252685776702,3.3808946498362085,3.849082309223332,45.21566610064235,4.1130000234385,2.9164418276496655,2.7687339612961144,5.7956425192185925,DM1
0.888386380436238,0.9795658309921265,1.8180747901045644,2.050794137474305,0.7230794955083236,0.6456027334501044,1.3535066935193394,2.803083068318763,0.5468277062850114,0.7116849568311854,1.2981515512443291,0.016256207055285167,0.3672176829066772,3.404859965224972,2.8024887708372654,57.377255790285695,2.7955747443223697,3.1505854603621724,2.935460568572699,6.549920618294053,DM1
1.3356962838607707,2.2001937125047055,1.160530250969146,0.8100870597916555,1.1416929441527635,2.45772839637657,0.7522848114958213,0.8483340148123583,2.3992890331068857,1.008685308384756,0.5507140830927238,1.4367647861383785,0.8674973103050084,0.8993106775233957,1.0639460630815913,112.53278977993166,1.4902760728228668,0.5849829626485759,1.2064880522314865,9.225965995182627,Control
1.9382757901066474,2.3542731626673,1.2335685044091367,0.6545093037532489,2.1124182770582904,1.298556986087836,0.7161709296903067,0.934553081593976,2.8662232309341755,0.9229358425616534,0.9920165274872973,1.3580196509761406,0.9249204643586318,0.705390821767331,0.8956912911904213,127.48437626780584,1.0177162492637841,1.482664564764065,1.1844837315655388,6.936065254950753,Control
2.022984337009285,1.616051846836154,0.8328917423378075,2.1197710627564392,1.8565185785118339,2.387494095053003,0.8442049211729841,1.3923960165702698,2.494737020806822,1.4704053223394427,1.4582785370996123,0.6302276779756195,0.7225401276825232,0.749053046134091,0.7640148391668907,106.48521990342083,0.8582991369760455,1.5181496351906296,1.4761699705204094,7.989338369769585,Control
2.8798967972674054,2.669660582258091,0.8873233602056853,0.4976961639936096,1.4237110652637448,1.709920041014687,1.0516264062864575,1.0223070717186873,2.028357946504653,1.1309211853447911,0.6968695132290803,1.102840069392427,0.8900959617457485,1.0499955499659217,1.2393524613080475,75.45078454691836,0.9296765868326077,0.970366441492784,0.8714327571073398,9.48471866861938,Control
1.6758252385397878,1.7500698202509475,0.8225202167619838,1.2730138528597004,1.3276445606557241,2.2070204258976003,1.4939262753075186,0.9812953949123536,2.5004273060149207,1.417838521023282,1.2567978900101036,0.9957996710055649,1.1605269397496534,0.6781553517161636,0.804989210462512,87.87626260828003,1.5601530300435704,0.7968538714361832,0.7931308121845426,6.277530382589178,Control
2.2519152928688424,2.064179626700997,1.2716897442566413,1.1678149165193386,1.0168635536465762,1.6367250034953331,1.3413321870689554,0.9491754388557987,2.534416318108106,0.9625797630211708,0.7580858929278697,0.9241848055833235,0.757987551112576,0.8586118093993941,1.0502314266413115,110.25768206189886,0.6024521691864255,0.9956579981227255,0.8533460661100619,6.930115565217959,Control
2.0597080786098845,1.7522966572898544,1.3455344987116686,1.297015469062765,1.9136399028797138,1.7772904120293642,0.7593752912701695,1.0205074823470288,1.9323432351711798,0.8477942093941587,0.7060663883332596,0.9896205076829822,0.8989826374368817,1.172086759259505,1.1662765128803698,122.07103609872547,0.6851761120299904,1.100264576923408,0.818133573441582,5.98631655216171,Control
1.8071289933730805,2.480917241060578,0.9069204116073789,1.391363664989778,1.6921074804321168,1.8226592844587404,1.2900121072266022,1.1113491930285715,1.5803482751989826,1.4647006588951288,1.0648697057716192,1.0046990479963729,0.786116832523596,1.2948845669019344,1.1293188568403267,112.61622551491958,0.8731171641185579,1.208525142977517,1.2279533983927005,6.896515906011148,Control
1.362354437143554,2.2616178767025157,0.6066632625985651,1.0380039444594449,1.3434642133244425,2.5483993448550146,0.9017890273081982,1.276818243000951,1.7686057500366381,1.2499977512649028,1.515085385959208,0.73298821540844,1.073008930432727,1.6871956039775162,1.0166472067257304,101.23885481810444,1.1971247368377549,1.0102702160236885,0.5731935013573619,9.868274168484248,Control
1.0986732137606632,1.812443756987746,1.3018564372891621,0.9108643928393035,1.2572062276374585,2.395668757324952,0.7872213032914034,0.6944435701020115,2.1235312943719777,0.9542691753968523,0.6890817214527896,1.1592381349987175,1.1161219013943084,0.910061245848592,0.9271669984687634,109.43137447728358,1.2975903549380166,0.9293016974726688,1.1636721232520362,8.932580358189588,Control
2.3956882817190395,2.0176891394345593,0.7719186214834105,0.8843752117000077,1.619998713023577,2.818308970271717,0.8789950942009304,1.2011968608818497,1.852374597195458,1.027617188971534,1.3788491873158981,1.1910731453551082,0.6896751818147608,0.8568812440471023,1.3140553361103398,102.84465475470134,0.7127899700960341,0.7952618887565698,1.175873380677793,9.64077696400909,Control
2.0080348856669783,3.113891210421246,1.2060380908639097,0.9391297325917749,1.2145028831652296,1.5613020629124315,1.0838553301200924,0.8778057387716482,2.753184689292541,1.3665779507294649,1.1582666368743069,0.7052509567607761,0.8319452818618988,1.3139193814352752,0.8592334500512245,122.49894176508646,1.1186509807586902,1.0129294712032968,0.8242917967661397,7.84449765818416,Control
2.0853415796937043,2.464642504235505,0.7785660998415613,0.9342957893684712,1.5156880961762997,2.298205260958774,0.7728839156193058,0.6708575517781963,2.3032843182695224,0.6205127212633241,1.321244928690542,0.961018475629273,0.6131172294313885,0.8798949451491265,1.0947809082673094,89.31934319452269,1.0050074372060869,1.1850195914263217,0.9494524161530951,6.45385483383088,Control
1.8654572011826716,2.636678061406667,1.421266086333296,0.4950184565144312,1.881859768217017,2.11256647221591,1.2309956697800375,0.8623779349330927,1.2042814207243313,1.1461221971618654,0.7647556846793208,0.652926892128787,0.6703996543816334,1.1502284456038336,1.0348631165072992,115.68844373858721,1.1672688136240912,0.8947666088540586,0.9823816065306361,7.15612807750881,Control
1.905352502210529,1.5647353679085203,1.0976210734685838,1.2687801872454392,1.2141854395626546,2.576571340430604,1.0283803741194855,1.0602697441014532,1.2352567161766168,0.5481844226085665,1.0360290906949206,1.197433031158002,0.8321548890887619,1.4175234751457724,1.183733993563579,81.7877579032549,1.0077121667633768,1.619232283430853,0.6893589993000736,8.871645399209925,Control
1.854764951274496,2.3181033309133303,1.3168184115795953,0.9034407278221581,1.891619295097511,2.9995415274223824,1.0165686843360586,1.1962221718735464,1.7343016534085263,1.004814827257803,0.9558312268229394,1.1992339814146489,1.3011689839392313,0.9725862877206352,1.3834057114332308,130.67745120331065,1.2117134357949753,0.870993367069568,0.8470427958150243,6.659570764761436,Control
2.4271247316071722,1.454704306629786,1.1692094135277518,0.7297226630439717,1.7882411419446906,2.007748812228752,1.3334096404649567,1.2853636445803178,2.64577943540095,1.3652046795722783,1.0359077084970494,0.7103017333938488,0.7368692362506554,0.4782878676710156,0.7290835416429766,101.37991433697822,0.8600864547937095,0.9549660988975371,1.1231788548653503,7.4982923241915,Control
1.4951770398143371,1.9760448495964555,0.7753773783067888,0.9323033757552343,1.9699719375480513,1.8782726131567213,1.4427393883369364,1.3579089967344924,1.7393126111394306,0.7222190583960562,0.9868614595199516,1.2883319408492222,0.877452273442828,1.2270225745655348,1.302109997284022,84.48078571022975,0.8309872279278532,1.1781655080317517,1.0379618874103926,6.86799848120293,Control
1.8415187983461856,1.9682662012726615,0.6087863937611349,1.1914107766206739,1.332457733871283,0.7473276992908555,0.9940322579226368,0.8146071852766231,2.7599699865362046,0.853638744770008,0.7255891591053473,1.126983167490504,0.8348881579981042,0.8051359496869419,1.1273753457061015,79.1386304768142,0.6356815854501368,1.4314995005235842,1.1448746844001612,7.564054679759297,Control
1.9984352556341287,2.2276389611522704,1.2433343624033553,0.811006177171247,1.6281512840879888,1.7719831207053927,0.952754688871844,1.040173216866226,1.9969946421262974,1.183891724575643,1.1217716397788986,0.6229576976569555,0.6605441982336395,0.9075708288101768,1.4571563156104563,82.92558375834287,0.9479443225968118,0.8659134932608695,0.8614889039779801,8.294095577443342,Control
2.6303497742880433,2.205185779946265,0.799117259643227,1.6883073777008017,1.527500627336394,1.740250569628049,1.3530240936693974,0.8827323455140453,2.748311144744349,0.7823393022583334,1.3575075972303423,1.0502619160704236,1.3227630581756085,1.4754414271753862,0.7168481773696865,125.57922500620437,0.6477740238936488,0.7382039111879429,0.7991476350518907,8.831000449693471,Control
2.0148571446206867,1.924788762126724,1.0365588197555902,1.147822397323368,1.7338868433794734,2.492375076026809,1.45500870319186,0.9946594068896307,1.7655099670410876,1.1533840322962972,0.7139362959338449,0.8303239669720972,1.2498452365981976,0.9689679062955739,0.6979518854104902,70.12944853942825,1.012179169848452,1.2854741342420024,1.2821364443827967,8.182952829773182,Control
2.904009238593258,1.9528308353267918,0.9653580941506473,0.35814102256525004,1.3434229677935745,2.3834067657088225,1.390990334214926,0.7924413415831788,2.2080135481818717,1.261719758080822,1.0028020382989749,0.4291798856181924,1.061822499893563,1.1903576560152234,0.7631442762453853,94.90420165596854,0.711125989467809,0.35746311285491184,1.256751102946914,7.993814919226945,Control
2.7189537485172424,2.3857949863577796,0.9114475595836378,0.9792048349738979,1.6981620867695604,2.4350975375400847,1.0806676576855028,1.276398286322371,1.8664990684964877,0.7507141133035784,0.9837976866097174,1.0512962226840457,0.6996161513151783,0.6658194789633445,1.111846574118357,91.852545130023,0.9585397735844995,0.9100768335747942,1.380150225440803,10.08190591465175,Control
1.4431908394823745,1.7602430541137988,1.2125010669923983,1.1504840592758105,1.485489713184575,1.488079907766094,0.8293649884616136,0.8708081081134276,2.124647449003595,1.4259317886743095,0.828279941302968,0.74349118811119,0.9728533807930142,1.2579347451285146,0.6382792583098242,129.1453647250427,0.9569921594710826,0.8164199994216566,0.5999526783094602,9.165759276144035,Control
1.9229729621413094,2.076817467239528,0.774797064747159,0.920225991437244,1.3296965637758418,1.9547331025798067,0.8326119184060474,0.6164547598281946,3.2278248853834732,0.6591489381656215,1.0453647517356348,0.5569930428939894,0.5007381408455063,1.024456622963067,1.0435918969420759,125.2930547655878,1.0998867102539265,0.9625473203135523,0.762599938983749,10.473369912585355,Control
2.4179830607226007,1.4391517350132088,1.0094909320526588,1.0360130578816242,1.3790212201880159,2.3473327186130577,1.2079332845870443,0.9523785755487235,1.8736088393910537,1.374739615666883,1.2332097230905592,1.0180900974770961,0.5926977402299867,1.086000026576259,1.174520866229417,44.77184135061262,1.0629673620795064,0.8958270033010661,0.9447864299676121,6.50282142794052,Control
1.9333148193183611,2.626396209281599,0.888400375296121,1.241393389698296,1.2177840733921363,2.3414402866952173,1.0004139639054879,1.0880062071973202,2.003218965243869,1.1604063081103022,0.3581037205165605,0.6450436716356076,1.104270124502161,0.48911541152594107,0.8673549110881977,98.91046613721517,0.7929649655967759,0.8271096493265566,1.067895550038398,9.665336677036686,Control
1.5686977784353364,1.7412238117156833,0.8171847566682388,0.39465506203068035,1.549599126611128,2.4206229856228214,1.2541608018289705,0.7823084058898153,1.4367358781659358,1.0054013868979212,1.2073184216416168,1.038712612077596,1.0723261589684403,1.2854577319340583,0.8152158601923242,95.58959976220575,1.4086513779403003,0.9507972192255932,0.6831657585083571,6.895562441187013,Control
1.577819066950441,2.1607231635655717,0.7760132491028053,1.067758563215311,1.2423771735107725,1.0444796577207973,1.0766549467454805,1.0371159203867222,2.2329910170689784,0.8317531952086858,0.8051138811601559,1.1003667146203864,1.3797548931327452,1.002792002376582,1.1061462740117862,93.55216692726457,0.6140923695315788,1.2418573547885146,1.2271035597715405,9.17277714153907,Control
